job_id,title,company,location,category,salary_min,salary_max,contract_type,contract_time,created,description,redirect_url
5768015029,Fund Accountant,Nuvama Asset Services,"Mumbai, Maharashtra",IT Jobs,,,,,2026-06-18T15:55:07Z,"About the Role We are looking for a hands-on analyst who will build, automate, and optimize operational workflows across Fund Accounting Operations. The ideal candidate is strong in Excel Macros/VBA, SQL , Power Automate , BI Publisher and Power BI , with a preference for candidates experienced in Oracle SQL and comfortable working with Wealth Spectrum (SQL-based) / Multifonds data structures. You will partner with FA Ops and Tech teams to deliver robust automation, reconciliations, and MIS/ana…",https://www.adzuna.in/land/ad/5768015029?se=pJqm13SA8RGDMNFo9qkXsw&utm_medium=api&utm_source=9c415d27&v=F26E4E8965D906736C2B5D4501D5B86185FBC9E0
5790410506,Senior Analyst - Internal Audit,Wise,"Hyderabad, Telangana",Accounting & Finance Jobs,,,,full_time,2026-07-07T05:28:41Z,"This job is with Wise, an inclusive employer and a member of myGwork – the largest global platform for the LGBTQ business community. Please do not contact the recruiter directly. Wise is a global technology company, building the best way to move and manage the world’s money. Min fees. Max ease. Full speed. Whether people and businesses are sending money to another country, spending abroad, or making and receiving international payments, Wise is on a mission to make their lives easier and save t…",https://www.adzuna.in/details/5790410506?utm_medium=api&utm_source=9c415d27
5768012754,Assistant Professor Business Analytics,CHANDIGARH UNIVERSITY,India,Teaching Jobs,,,,,2026-06-18T15:54:36Z,"Key Responsibilities 1. Teaching & Academic Delivery Deliver engaging, high-quality lectures on core subjects such as Predictive Analytics, Data Visualization, Data Mining, Business Intelligence, and Domain-Specific Analytics (Marketing, HR, Finance). Facilitate hands-on training sessions in dedicated Data Analytics labs using live datasets and case studies. Design, develop, and regularly update course modules, lesson plans, and assessments to keep pace with emerging industry trends. 2. Technic…",https://www.adzuna.in/land/ad/5768012754?se=pJqm13SA8RGDMNFo9qkXsw&utm_medium=api&utm_source=9c415d27&v=CD4792DD7C162743887668B6E70081514CC24556
5768017754,Content Writer,Performics India,"Mumbai, Maharashtra","PR, Advertising & Marketing Jobs",,,,,2026-06-18T15:55:49Z,"About the Role: As a Performance Content Writer, you will be responsible for creating unique, high-impact, and engaging content for industries like FMCG, Automobile, Telecom, and BFSI. As a core member of the Performance Content team at Performics India, you will play a fundamental role in scaling content production through a hybrid approach of human creativity and AI-powered inputs. You will learn, train, and collaborate with Content Strategists and Project Teams to ensure the delivery of high…",https://www.adzuna.in/land/ad/5768017754?se=pJqm13SA8RGDMNFo9qkXsw&utm_medium=api&utm_source=9c415d27&v=DC0099438BCE20AE6495F49582B17517173ADB9A
4686704238,Data Analyst,,"Thiruvananthapuram, Kerala",IT Jobs,,,,,2024-05-10T07:38:46Z,Immediate requirement for the post of Data Analyst on rotation Shift (Male or Female). Persons only willing to work in both shifts need to apply.careers.coretechgmail.comorplease contact 9.4.nine.6.8.1.5.6.3.0,https://www.adzuna.in/details/4686704238?utm_medium=api&utm_source=9c415d27
5800534252,Data Analyst,Scout Incorporation,India,IT Jobs,2800000.0,3200000.0,permanent,full_time,2026-07-15T06:30:57Z,"We're looking for Data Analysts (India)! Responsibilities: Proactively analyse data using statistical methods to answer key questions from stakeholders or out of self-initiated curiosity with an eye for what drives business performance, investigating and communicating areas for improvement in efficiency and productivity Create and maintain rich interactive visualizations through data interpretation and analysis integrating various reporting components from multiple data sources Data mining usin…",https://www.adzuna.in/details/5800534252?utm_medium=api&utm_source=9c415d27
5680120020,Data Analyst,SkySun,India,IT Jobs,,,,full_time,2026-03-27T13:39:38Z,"Role Overview We are looking for a Data Analyst with strong expertise in Microsoft Excel who can efficiently work with large datasets, formulas, and analytical models. The ideal candidate should be able to transform raw data into meaningful insights , build efficient spreadsheets, and support business decisions through structured analysis and reporting. This role requires someone who is highly detail-oriented, analytical, and extremely efficient in Excel-based data handling. Key Responsibilitie…",https://www.adzuna.in/details/5680120020?utm_medium=api&utm_source=9c415d27
5693524382,Data Analyst,LRN Corporation,India,IT Jobs,,,,full_time,2026-04-09T01:03:12Z,"Position: Data Analyst Location: Mumbai, India About LRN: LRN is the world’s leading dedicated ethics and compliance SaaS company, helping more than 30 million people every year navigate complex regional and global regulatory environments and build ethical, responsible cultures. With over 3,000 clients across the US, EMEA, APAC, and Latin America—including some of the world’s most respected and successful brands—we’re proud to be the long-term partner trusted to reduce organizational risk and d…",https://www.adzuna.in/details/5693524382?utm_medium=api&utm_source=9c415d27
5793077025,Data Analyst,Cloudester Software LLP,"Sevasi, Vadodara",IT Jobs,,,contract,,2026-07-09T02:21:15Z,"We are looking for a Data Analyst with 2–3 years of experience for a 3-month contract . You will be responsible for extracting web data, organizing it in Excel, and communicating findings clearly to our team. Role Details Duration: 3 Months Experience Required: 2–3 years Location: Vadodara Key Responsibilities Extract data from various websites using web scraping tools. Clean, organize, and analyze the collected datasets. Write database queries to pull and manage information. Present data findi…",https://www.adzuna.in/details/5793077025?utm_medium=api&utm_source=9c415d27
5759267308,Data Analyst,Rentomojo,"Bangalore, Karnataka",IT Jobs,600000.0,900000.0,permanent,full_time,2026-06-11T06:21:45Z,"About the Role Data Analyst 2 to 5 years Full Time We are hiring a sharp, analytically rigorous Data Analyst who thrives at the intersection of data engineering, automation, and business storytelling. This is not a pure reporting role. You will architect automated data pipelines, build scalable reporting workflows, and bring a growth marketing mindset to every analysis. If you love turning messy data into clear decisions, this is your seat. Key Responsibilities SQL and Data Infrastructure Desig…",https://www.adzuna.in/details/5759267308?utm_medium=api&utm_source=9c415d27
5795450231,Data Analyst,Weekday AI,India,IT Jobs,,,,full_time,2026-07-10T15:19:19Z,"This role is for one of Weekday’s clients Min Experience: 1 years Location: Nagpur JobType: full-time We're looking for a Data Analyst who is adaptable, quick to learn, and comfortable working across multiple projects and business functions. Unlike a dedicated role tied to one domain, this position will rotate/support across different projects as business priorities shift, making it ideal for someone who's curious, eager to build breadth, and thrives in a dynamic environment. Requirements Key R…",https://www.adzuna.in/details/5795450231?utm_medium=api&utm_source=9c415d27
5800534214,Data Analyst,Scout Incorporation,India,IT Jobs,2800000.0,3200000.0,permanent,full_time,2026-07-15T06:30:56Z,"We're looking for Data Analyst s! Responsibilities: Providing Analytical & Decision Support across GS through advanced analytics (from sourcing to staging data, generating insights to exposing them for consumption via reporting platforms/strategy implementation) Enabling business user self-service through creation of MIS capabilities Systematically identify out of pattern activities in a timely manner and address information gaps by providing insightful analytics Working independently assuming …",https://www.adzuna.in/details/5800534214?utm_medium=api&utm_source=9c415d27
5786180968,Data Analyst,Proof of Skill,"Andheri, Mumbai",IT Jobs,1200000.0,1200000.0,permanent,,2026-07-03T06:18:29Z,"Analyzing hiring and candidate data to improve decision-making, shortlisting, and overall system efficiency. Skills: Logical/analytical thinking, Excel/Google Sheets, basic SQL, data interpretation, data visualization, attention to detail. Responsibilities: Analyze candidate and hiring data, build dashboards and reports, improve shortlisting/scoring systems, track hiring funnel metrics, work with ops/product teams, ensure data accuracy. This is a remote position.",https://www.adzuna.in/details/5786180968?utm_medium=api&utm_source=9c415d27
5791623332,Data Analyst,Sia,"Mumbai, Maharashtra",IT Jobs,,,,,2026-07-08T06:34:02Z,"Job Description We are hiring a Power BI Developer to support our global internal teams (Finance, HR, Strategy, Corporate Functions) by delivering high-impact business intelligence dashboards, datasets, and analytics solutions. This role is critical for strengthening our internal reporting systems and driving data-backed decision-making across the organization. Key Responsibilities Design, maintain, and enhance internal Power BI dashboards and analytics for Corporate Finance and other functions…",https://www.adzuna.in/details/5791623332?utm_medium=api&utm_source=9c415d27
5785732188,Data Analyst,Ubisoft,"Pune, Maharashtra",IT Jobs,,,,,2026-07-03T00:06:50Z,"Job Description Impact - Enable data-driven decisions for leaders for LiveOps events, feature launches, and content updates through dashboards by defining datasets. Track KPIs including and not limited upto - Daily Active Users (DAU), Retention Rate, Churn Rate, ARPU (Average Revenue Per User), and session metrics. Make daily / weekly/monthly reports on player behavior, performance accuracy, engagement, and monetization / revenue trends to improve visibility. Proactively identify patterns, anom…",https://www.adzuna.in/details/5785732188?utm_medium=api&utm_source=9c415d27
5767332879,Data Analyst,Sopra Steria,"Noida, Ghaziabad",IT Jobs,,,,,2026-06-18T04:52:29Z,"Job Description Skills : 4-6 years of professional relevant experience in ODI development. Strong experience with Oracle Fusion Applications as a data source. Proven track record of 2–3 ODI projects (end-to-end implementation). Proficiency in SQL, PL/SQL, and Oracle database concepts. Knowledge of ETL best practices and data warehousing principles. Ability to troubleshoot and resolve complex integration issues. Key Responsibilities: ODI Development: Design, develop, and implement ETL processes …",https://www.adzuna.in/details/5767332879?utm_medium=api&utm_source=9c415d27
5790410778,"Senior Associate, Data Analysis",Kyndryl,"Bangalore, Karnataka",IT Jobs,,,,full_time,2026-07-07T05:28:52Z,"This job is with Kyndryl, an inclusive employer and a member of myGwork – the largest global platform for the LGBTQ business community. Please do not contact the recruiter directly. Who We Are At Kyndryl, we run and reimagine the mission-critical technology systems that drive advantage for the world's leading businesses. We are at the heart of progress; with proven expertise and a continuous flow of AI-powered insight, enabling smarter decisions, faster innovation, and a lasting competitive edg…",https://www.adzuna.in/details/5790410778?utm_medium=api&utm_source=9c415d27
5735463452,Data Analyst,Digital Twin,"Pune, Maharashtra",IT Jobs,,,,,2026-05-21T02:12:34Z,"Job Summary - Data Analyst We are looking to hire a data analyst to join our enterprise customer solutions team. As a Data Analyst, one will take responsibility for developing reports, and troubleshooting data issues. To do well in this role you need attention to detail, past experience as a data analyst, and a deep understanding of the popular data analysis tools and databases. Data Analyst Responsibilities: ● Commissioning and decommissioning of data sets. ● Processing confidential data and i…",https://www.adzuna.in/details/5735463452?utm_medium=api&utm_source=9c415d27
1993882092,Data Analyst,SveltetechTechnologies Pvt Ltd,"Delhi, India",IT Jobs,0.0,300000.0,,full_time,2021-02-15T04:27:43Z,"Data Analyst Job Duties Data analyst responsibilities include conducting full lifecycle analysis to include requirements, activities and design. Data analysts will develop analysis and reporting capabilities. They will also monitor performance and quality control plans to identify improvements. Responsibilities Interpret data, analyze results using statistical techniques and provide ongoing reports Develop and implement databases, data collection systems, data analytics and other strategies tha…",https://www.adzuna.in/details/1993882092?utm_medium=api&utm_source=9c415d27
4514376622,Data Analyst,Qrata,"Delhi, India",IT Jobs,1000000.0,1200000.0,,full_time,2024-01-07T15:08:07Z,"Job Title: Data Analyst Job Brief: The successful candidate will turn data into information, information into insight and insight into business decisions. Data Analyst Job Duties Data analyst responsibilities include conducting full lifecycle analysis to include requirements, activities and design. Data analysts will develop analysis and reporting capabilities. They will also monitor performance and quality control plans to identify improvements. About Us We began in 2015 with an entrepreneuria…",https://www.adzuna.in/details/4514376622?utm_medium=api&utm_source=9c415d27
